{"stats":{"minecraft:custom":{"minecraft:jump":122,"minecraft:time_since_rest":2949,"minecraft:leave_game":1,"minecraft:crouch_one_cm":15,"minecraft:sprint_one_cm":9050,"minecraft:play_time":2949,"minecraft:damage_taken":140,"minecraft:time_since_death":2949,"minecraft:walk_one_cm":1586,"minecraft:sneak_time":48,"minecraft:total_world_time":2949,"minecraft:fall_one_cm":8338,"minecraft:fly_one_cm":54529},"minecraft:mined":{"minecraft:azalea_leaves":2,"minecraft:spruce_leaves":3}},"DataVersion":3465}