{"stats":{"minecraft:custom":{"minecraft:time_since_rest":7053,"minecraft:damage_taken":419,"minecraft:sprint_one_cm":12200,"minecraft:damage_absorbed":2081,"minecraft:walk_one_cm":69831,"minecraft:mob_kills":19,"minecraft:drop":5,"minecraft:damage_dealt":24715,"minecraft:fly_one_cm":544973,"minecraft:open_chest":11,"minecraft:crouch_one_cm":558,"minecraft:play_time":46541,"minecraft:deaths":3,"minecraft:sneak_time":818,"minecraft:walk_under_water_one_cm":76,"minecraft:jump":1162,"minecraft:aviate_one_cm":1480246,"minecraft:damage_dealt_resisted":0,"minecraft:leave_game":1,"minecraft:time_since_death":7026,"minecraft:walk_on_water_one_cm":204,"minecraft:total_world_time":46541,"minecraft:damage_resisted":0,"minecraft:fall_one_cm":9601},"minecraft:mined":{"minecraft:fire":1,"minecraft:oak_fence":1,"minecraft:grass":9,"minecraft:cobweb":1,"biomesoplenty:barley":28,"minecraft:tall_grass":1},"minecraft:killed":{"aether:slider":2,"twilightforest:lich":1,"twilightforest:naga":4,"minecraft:zombie":1,"aether:valkyrie_queen":1,"grimoireofgaia:harpy":1,"iceandfire:ice_dragon":2,"twilightforest:hydra":3,"twilightforest:minoshroom":1},"minecraft:killed_by":{"aether:valkyrie_queen":1},"minecraft:dropped":{"reliquary:mob_charm_fragment":1,"minecraft:diamond":1,"minecraft:painting":3},"minecraft:picked_up":{"minecraft:book":1,"aether:carved_stone":18,"minecraft:feather":2,"minecraft:oak_fence":1,"minecraft:brown_mushroom":7,"aether_redux:carved_stone_pillar":2,"minecraft:golden_sword":1,"minecraft:string":1,"minecraft:paper":5,"aether:silver_dungeon_key":1,"deep_aether:medal_of_honor":1,"aether:bronze_dungeon_key":1,"minecraft:rotten_flesh":1,"minecraft:wheat_seeds":7,"minecraft:painting":12,"aether_redux:carved_stone_bricks":2,"aether_redux:grand_victory_medal":1,"minecraft:mossy_cobblestone_stairs":1,"aether:carved_stairs":4,"minecraft:iron_nugget":1,"aether:carved_slab":9,"reliquary:mob_charm_fragment":5,"supplementaries:ash":2,"aether_redux:carved_stone_brick_stairs":4},"minecraft:used":{"aether:silver_dungeon_key":1,"twilightforest:hydra_spawn_egg":1,"minecraft:netherite_sword":26,"minecraft:water_bucket":5,"minecraft:pink_tulip":8,"minecraft:firework_rocket":148,"iceandfire:spawn_egg_ice_dragon":5,"minecraft:grass_block":1,"iceandfire:dragonsteel_fire_sword":188,"aether:gravitite_pickaxe":1,"minecraft:glowstone":15,"minecraft:bow":34,"twilightforest:meef_stroganoff":1,"twilightforest:naga_spawn_egg":3,"twilightforest:magic_map":1,"minecraft:netherite_pickaxe":2,"lost_aether_content:phoenix_pickaxe":54,"aether:bronze_dungeon_key":1}},"DataVersion":3465}