{"stats":{"minecraft:killed_by":{"aether:valkyrie_queen":1},"minecraft:killed":{"aether:slider":2,"twilightforest:lich":1,"twilightforest:naga":4,"minecraft:zombie":1,"aether:valkyrie_queen":1,"grimoireofgaia:harpy":1,"iceandfire:ice_dragon":2,"twilightforest:hydra":3,"twilightforest:minoshroom":1},"minecraft:picked_up":{"minecraft:book":1,"aether:carved_stone":18,"minecraft:feather":2,"minecraft:ladder":2,"minecraft:oak_fence":1,"minecraft:brown_mushroom":7,"aether_redux:carved_stone_pillar":2,"minecraft:golden_sword":1,"minecraft:string":1,"minecraft:paper":5,"aether:silver_dungeon_key":1,"deep_aether:medal_of_honor":1,"aether:bronze_dungeon_key":1,"minecraft:rotten_flesh":1,"minecraft:stripped_dark_oak_wood":2,"minecraft:wheat_seeds":7,"minecraft:painting":12,"aether_redux:carved_stone_bricks":2,"aether_redux:grand_victory_medal":1,"minecraft:mossy_cobblestone_stairs":1,"minecraft:iron_nugget":1,"aether:carved_stairs":4,"aether:carved_slab":9,"reliquary:mob_charm_fragment":5,"supplementaries:ash":2,"minecraft:dark_oak_fence":4,"aether_redux:carved_stone_brick_stairs":4},"minecraft:dropped":{"reliquary:mob_charm_fragment":1,"minecraft:diamond":1,"minecraft:painting":3},"minecraft:custom":{"minecraft:time_since_rest":1769,"minecraft:sprint_one_cm":15398,"minecraft:damage_absorbed":2081,"minecraft:damage_taken":601,"minecraft:walk_one_cm":73378,"minecraft:mob_kills":19,"minecraft:drop":5,"minecraft:damage_dealt":24735,"minecraft:swim_one_cm":36912,"minecraft:fly_one_cm":657864,"minecraft:open_chest":11,"minecraft:crouch_one_cm":580,"minecraft:play_time":82532,"minecraft:deaths":6,"minecraft:sneak_time":1089,"minecraft:walk_under_water_one_cm":5404,"minecraft:climb_one_cm":485,"minecraft:damage_dealt_resisted":0,"minecraft:aviate_one_cm":1480246,"minecraft:jump":1211,"minecraft:leave_game":4,"minecraft:time_since_death":1703,"minecraft:walk_on_water_one_cm":2171,"minecraft:total_world_time":82532,"minecraft:damage_resisted":0,"minecraft:fall_one_cm":9601},"minecraft:mined":{"minecraft:fire":1,"minecraft:oak_fence":1,"minecraft:grass":9,"minecraft:cobweb":1,"minecraft:tall_grass":1,"biomesoplenty:barley":28},"minecraft:used":{"twilightforest:hydra_spawn_egg":1,"aether:silver_dungeon_key":1,"minecraft:netherite_sword":26,"minecraft:water_bucket":5,"minecraft:pink_tulip":8,"minecraft:firework_rocket":148,"minecraft:wither_skeleton_skull":5,"iceandfire:spawn_egg_ice_dragon":5,"minecraft:command_block":1,"minecraft:grass_block":1,"iceandfire:dragonsteel_fire_sword":188,"the_bumblezone:beehemoth_spawn_egg":3,"aether:gravitite_pickaxe":1,"minecraft:glowstone":15,"minecraft:soul_sand":4,"minecraft:bow":34,"twilightforest:meef_stroganoff":1,"twilightforest:magic_map":1,"minecraft:netherite_pickaxe":2,"twilightforest:naga_spawn_egg":3,"the_bumblezone:royal_jelly_bucket":32,"lost_aether_content:phoenix_pickaxe":54,"aether:bronze_dungeon_key":1}},"DataVersion":3465}